,no2poly_m3_h,fe_m3_h,ts_mg_L,no2con_hz,no2conp_hz,feed_m3_h,dehydro_hz,screw_mm,no1poly_m3_h,con_pre_mpa
0,0.0,15.0,30000,30.6,56.1,5.3,38.5,200.0,1.3,0.34
1,0.0,15.1,30000,30.6,56.1,5.3,38.5,200.0,1.3,0.34
2,0.0,15.2,30000,30.6,56.1,5.3,38.5,200.0,1.3,0.34
3,0.0,15.299999999999999,30000,30.6,56.1,5.3,38.5,200.0,1.3,0.34
4,0.0,15.399999999999999,30000,30.6,56.1,5.3,38.5,200.0,1.3,0.34
5,0.0,15.499999999999998,30000,30.6,56.1,5.3,38.5,200.0,1.3,0.34
6,0.0,15.599999999999998,30000,30.6,56.1,5.3,38.5,200.0,1.3,0.34
7,0.0,15.699999999999998,30000,30.6,56.1,5.3,38.5,200.0,1.3,0.34
8,0.0,15.799999999999997,30000,30.6,56.1,5.3,38.5,200.0,1.3,0.34
9,0.0,15.899999999999997,30000,30.6,56.1,5.3,38.5,200.0,1.3,0.34
10,0.0,15.999999999999996,30000,30.6,56.1,5.3,38.5,200.0,1.3,0.34
11,0.0,16.099999999999994,30000,30.6,56.1,5.3,38.5,200.0,1.3,0.34
12,0.0,16.199999999999996,30000,30.6,56.1,5.3,38.5,200.0,1.3,0.34
13,0.0,16.299999999999997,30000,30.6,56.1,5.3,38.5,200.0,1.3,0.34
14,0.0,16.399999999999995,30000,30.6,56.1,5.3,38.5,200.0,1.3,0.34
15,0.0,16.499999999999993,30000,30.6,56.1,5.3,38.5,200.0,1.3,0.34
16,0.0,16.599999999999994,30000,30.6,56.1,5.3,38.5,200.0,1.3,0.34
17,0.0,16.699999999999996,30000,30.6,56.1,5.3,38.5,200.0,1.3,0.34
18,0.0,16.799999999999994,30000,30.6,56.1,5.3,38.5,200.0,1.3,0.34
19,0.0,16.89999999999999,30000,30.6,56.1,5.3,38.5,200.0,1.3,0.34
20,0.0,16.999999999999993,30000,30.6,56.1,5.3,38.5,200.0,1.3,0.34
21,0.0,17.099999999999994,30000,30.6,56.1,5.3,38.5,200.0,1.3,0.34
22,0.0,17.199999999999992,30000,30.6,56.1,5.3,38.5,200.0,1.3,0.34
23,0.0,17.29999999999999,30000,30.6,56.1,5.3,38.5,200.0,1.3,0.34
24,0.0,17.39999999999999,30000,30.6,56.1,5.3,38.5,200.0,1.3,0.34
25,0.0,17.499999999999993,30000,30.6,56.1,5.3,38.5,200.0,1.3,0.34
26,0.0,17.59999999999999,30000,30.6,56.1,5.3,38.5,200.0,1.3,0.34
27,0.0,17.69999999999999,30000,30.6,56.1,5.3,38.5,200.0,1.3,0.34
28,0.0,17.79999999999999,30000,30.6,56.1,5.3,38.5,200.0,1.3,0.34
29,0.0,17.89999999999999,30000,30.6,56.1,5.3,38.5,200.0,1.3,0.34
30,0.0,17.99999999999999,30000,30.6,56.1,5.3,38.5,200.0,1.3,0.34
31,0.0,18.099999999999987,30000,30.6,56.1,5.3,38.5,200.0,1.3,0.34
32,0.0,18.19999999999999,30000,30.6,56.1,5.3,38.5,200.0,1.3,0.34
33,0.0,18.29999999999999,30000,30.6,56.1,5.3,38.5,200.0,1.3,0.34
34,0.0,18.399999999999988,30000,30.6,56.1,5.3,38.5,200.0,1.3,0.34
35,0.0,18.499999999999986,30000,30.6,56.1,5.3,38.5,200.0,1.3,0.34
36,0.0,18.599999999999987,30000,30.6,56.1,5.3,38.5,200.0,1.3,0.34
37,0.0,18.69999999999999,30000,30.6,56.1,5.3,38.5,200.0,1.3,0.34
38,0.0,18.799999999999986,30000,30.6,56.1,5.3,38.5,200.0,1.3,0.34
39,0.0,18.899999999999984,30000,30.6,56.1,5.3,38.5,200.0,1.3,0.34
40,0.0,18.999999999999986,30000,30.6,56.1,5.3,38.5,200.0,1.3,0.34
41,0.0,19.099999999999987,30000,30.6,56.1,5.3,38.5,200.0,1.3,0.34
42,0.0,19.199999999999985,30000,30.6,56.1,5.3,38.5,200.0,1.3,0.34
43,0.0,19.299999999999983,30000,30.6,56.1,5.3,38.5,200.0,1.3,0.34
44,0.0,19.399999999999984,30000,30.6,56.1,5.3,38.5,200.0,1.3,0.34
45,0.0,19.499999999999986,30000,30.6,56.1,5.3,38.5,200.0,1.3,0.34
46,0.0,19.599999999999984,30000,30.6,56.1,5.3,38.5,200.0,1.3,0.34
47,0.0,19.69999999999998,30000,30.6,56.1,5.3,38.5,200.0,1.3,0.34
48,0.0,19.799999999999983,30000,30.6,56.1,5.3,38.5,200.0,1.3,0.34
49,0.0,19.899999999999984,30000,30.6,56.1,5.3,38.5,200.0,1.3,0.34
50,0.0,19.999999999999982,30000,30.6,56.1,5.3,38.5,200.0,1.3,0.34
51,0.0,20.09999999999998,30000,30.6,56.1,5.3,38.5,200.0,1.3,0.34
52,0.0,20.19999999999998,30000,30.6,56.1,5.3,38.5,200.0,1.3,0.34
53,0.0,20.299999999999983,30000,30.6,56.1,5.3,38.5,200.0,1.3,0.34
54,0.0,20.39999999999998,30000,30.6,56.1,5.3,38.5,200.0,1.3,0.34
55,0.0,20.49999999999998,30000,30.6,56.1,5.3,38.5,200.0,1.3,0.34
56,0.0,20.59999999999998,30000,30.6,56.1,5.3,38.5,200.0,1.3,0.34
57,0.0,20.69999999999998,30000,30.6,56.1,5.3,38.5,200.0,1.3,0.34
58,0.0,20.79999999999998,30000,30.6,56.1,5.3,38.5,200.0,1.3,0.34
59,0.0,20.899999999999977,30000,30.6,56.1,5.3,38.5,200.0,1.3,0.34
60,0.0,20.99999999999998,30000,30.6,56.1,5.3,38.5,200.0,1.3,0.34
61,0.0,21.09999999999998,30000,30.6,56.1,5.3,38.5,200.0,1.3,0.34
62,0.0,21.199999999999978,30000,30.6,56.1,5.3,38.5,200.0,1.3,0.34
63,0.0,21.299999999999976,30000,30.6,56.1,5.3,38.5,200.0,1.3,0.34
64,0.0,21.399999999999977,30000,30.6,56.1,5.3,38.5,200.0,1.3,0.34
65,0.0,21.49999999999998,30000,30.6,56.1,5.3,38.5,200.0,1.3,0.34
66,0.0,21.599999999999977,30000,30.6,56.1,5.3,38.5,200.0,1.3,0.34
67,0.0,21.699999999999974,30000,30.6,56.1,5.3,38.5,200.0,1.3,0.34
68,0.0,21.799999999999976,30000,30.6,56.1,5.3,38.5,200.0,1.3,0.34
69,0.0,21.899999999999977,30000,30.6,56.1,5.3,38.5,200.0,1.3,0.34
70,0.0,21.999999999999975,30000,30.6,56.1,5.3,38.5,200.0,1.3,0.34
71,0.0,22.099999999999973,30000,30.6,56.1,5.3,38.5,200.0,1.3,0.34
72,0.0,22.199999999999974,30000,30.6,56.1,5.3,38.5,200.0,1.3,0.34
73,0.0,22.299999999999976,30000,30.6,56.1,5.3,38.5,200.0,1.3,0.34
74,0.0,22.399999999999974,30000,30.6,56.1,5.3,38.5,200.0,1.3,0.34
75,0.0,22.49999999999997,30000,30.6,56.1,5.3,38.5,200.0,1.3,0.34
76,0.0,22.599999999999973,30000,30.6,56.1,5.3,38.5,200.0,1.3,0.34
77,0.0,22.699999999999974,30000,30.6,56.1,5.3,38.5,200.0,1.3,0.34
78,0.0,22.799999999999972,30000,30.6,56.1,5.3,38.5,200.0,1.3,0.34
79,0.0,22.89999999999997,30000,30.6,56.1,5.3,38.5,200.0,1.3,0.34
80,0.0,22.99999999999997,30000,30.6,56.1,5.3,38.5,200.0,1.3,0.34
81,0.0,23.099999999999973,30000,30.6,56.1,5.3,38.5,200.0,1.3,0.34
82,0.0,23.19999999999997,30000,30.6,56.1,5.3,38.5,200.0,1.3,0.34
83,0.0,23.29999999999997,30000,30.6,56.1,5.3,38.5,200.0,1.3,0.34
84,0.0,23.39999999999997,30000,30.6,56.1,5.3,38.5,200.0,1.3,0.34
85,0.0,23.49999999999997,30000,30.6,56.1,5.3,38.5,200.0,1.3,0.34
86,0.0,23.59999999999997,30000,30.6,56.1,5.3,38.5,200.0,1.3,0.34
87,0.0,23.699999999999967,30000,30.6,56.1,5.3,38.5,200.0,1.3,0.34
88,0.0,23.79999999999997,30000,30.6,56.1,5.3,38.5,200.0,1.3,0.34
89,0.0,23.89999999999997,30000,30.6,56.1,5.3,38.5,200.0,1.3,0.34
90,0.0,23.999999999999968,30000,30.6,56.1,5.3,38.5,200.0,1.3,0.34
91,0.0,24.099999999999966,30000,30.6,56.1,5.3,38.5,200.0,1.3,0.34
92,0.0,24.199999999999967,30000,30.6,56.1,5.3,38.5,200.0,1.3,0.34
93,0.0,24.29999999999997,30000,30.6,56.1,5.3,38.5,200.0,1.3,0.34
94,0.0,24.399999999999967,30000,30.6,56.1,5.3,38.5,200.0,1.3,0.34
95,0.0,24.499999999999964,30000,30.6,56.1,5.3,38.5,200.0,1.3,0.34
96,0.0,24.599999999999966,30000,30.6,56.1,5.3,38.5,200.0,1.3,0.34
97,0.0,24.699999999999967,30000,30.6,56.1,5.3,38.5,200.0,1.3,0.34
98,0.0,24.799999999999965,30000,30.6,56.1,5.3,38.5,200.0,1.3,0.34
99,0.0,24.899999999999963,30000,30.6,56.1,5.3,38.5,200.0,1.3,0.34
100,0.5,15.0,30000,30.6,56.1,5.3,38.5,200.0,1.3,0.34
101,0.5,15.1,30000,30.6,56.1,5.3,38.5,200.0,1.3,0.34
102,0.5,15.2,30000,30.6,56.1,5.3,38.5,200.0,1.3,0.34
103,0.5,15.299999999999999,30000,30.6,56.1,5.3,38.5,200.0,1.3,0.34
104,0.5,15.399999999999999,30000,30.6,56.1,5.3,38.5,200.0,1.3,0.34
105,0.5,15.499999999999998,30000,30.6,56.1,5.3,38.5,200.0,1.3,0.34
106,0.5,15.599999999999998,30000,30.6,56.1,5.3,38.5,200.0,1.3,0.34
107,0.5,15.699999999999998,30000,30.6,56.1,5.3,38.5,200.0,1.3,0.34
108,0.5,15.799999999999997,30000,30.6,56.1,5.3,38.5,200.0,1.3,0.34
109,0.5,15.899999999999997,30000,30.6,56.1,5.3,38.5,200.0,1.3,0.34
110,0.5,15.999999999999996,30000,30.6,56.1,5.3,38.5,200.0,1.3,0.34
111,0.5,16.099999999999994,30000,30.6,56.1,5.3,38.5,200.0,1.3,0.34
112,0.5,16.199999999999996,30000,30.6,56.1,5.3,38.5,200.0,1.3,0.34
113,0.5,16.299999999999997,30000,30.6,56.1,5.3,38.5,200.0,1.3,0.34
114,0.5,16.399999999999995,30000,30.6,56.1,5.3,38.5,200.0,1.3,0.34
115,0.5,16.499999999999993,30000,30.6,56.1,5.3,38.5,200.0,1.3,0.34
116,0.5,16.599999999999994,30000,30.6,56.1,5.3,38.5,200.0,1.3,0.34
117,0.5,16.699999999999996,30000,30.6,56.1,5.3,38.5,200.0,1.3,0.34
118,0.5,16.799999999999994,30000,30.6,56.1,5.3,38.5,200.0,1.3,0.34
119,0.5,16.89999999999999,30000,30.6,56.1,5.3,38.5,200.0,1.3,0.34
120,0.5,16.999999999999993,30000,30.6,56.1,5.3,38.5,200.0,1.3,0.34
121,0.5,17.099999999999994,30000,30.6,56.1,5.3,38.5,200.0,1.3,0.34
122,0.5,17.199999999999992,30000,30.6,56.1,5.3,38.5,200.0,1.3,0.34
123,0.5,17.29999999999999,30000,30.6,56.1,5.3,38.5,200.0,1.3,0.34
124,0.5,17.39999999999999,30000,30.6,56.1,5.3,38.5,200.0,1.3,0.34
125,0.5,17.499999999999993,30000,30.6,56.1,5.3,38.5,200.0,1.3,0.34
126,0.5,17.59999999999999,30000,30.6,56.1,5.3,38.5,200.0,1.3,0.34
127,0.5,17.69999999999999,30000,30.6,56.1,5.3,38.5,200.0,1.3,0.34
128,0.5,17.79999999999999,30000,30.6,56.1,5.3,38.5,200.0,1.3,0.34
129,0.5,17.89999999999999,30000,30.6,56.1,5.3,38.5,200.0,1.3,0.34
130,0.5,17.99999999999999,30000,30.6,56.1,5.3,38.5,200.0,1.3,0.34
131,0.5,18.099999999999987,30000,30.6,56.1,5.3,38.5,200.0,1.3,0.34
132,0.5,18.19999999999999,30000,30.6,56.1,5.3,38.5,200.0,1.3,0.34
133,0.5,18.29999999999999,30000,30.6,56.1,5.3,38.5,200.0,1.3,0.34
134,0.5,18.399999999999988,30000,30.6,56.1,5.3,38.5,200.0,1.3,0.34
135,0.5,18.499999999999986,30000,30.6,56.1,5.3,38.5,200.0,1.3,0.34
136,0.5,18.599999999999987,30000,30.6,56.1,5.3,38.5,200.0,1.3,0.34
137,0.5,18.69999999999999,30000,30.6,56.1,5.3,38.5,200.0,1.3,0.34
138,0.5,18.799999999999986,30000,30.6,56.1,5.3,38.5,200.0,1.3,0.34
139,0.5,18.899999999999984,30000,30.6,56.1,5.3,38.5,200.0,1.3,0.34
140,0.5,18.999999999999986,30000,30.6,56.1,5.3,38.5,200.0,1.3,0.34
141,0.5,19.099999999999987,30000,30.6,56.1,5.3,38.5,200.0,1.3,0.34
142,0.5,19.199999999999985,30000,30.6,56.1,5.3,38.5,200.0,1.3,0.34
143,0.5,19.299999999999983,30000,30.6,56.1,5.3,38.5,200.0,1.3,0.34
144,0.5,19.399999999999984,30000,30.6,56.1,5.3,38.5,200.0,1.3,0.34
145,0.5,19.499999999999986,30000,30.6,56.1,5.3,38.5,200.0,1.3,0.34
146,0.5,19.599999999999984,30000,30.6,56.1,5.3,38.5,200.0,1.3,0.34
147,0.5,19.69999999999998,30000,30.6,56.1,5.3,38.5,200.0,1.3,0.34
148,0.5,19.799999999999983,30000,30.6,56.1,5.3,38.5,200.0,1.3,0.34
149,0.5,19.899999999999984,30000,30.6,56.1,5.3,38.5,200.0,1.3,0.34
150,0.5,19.999999999999982,30000,30.6,56.1,5.3,38.5,200.0,1.3,0.34
151,0.5,20.09999999999998,30000,30.6,56.1,5.3,38.5,200.0,1.3,0.34
152,0.5,20.19999999999998,30000,30.6,56.1,5.3,38.5,200.0,1.3,0.34
153,0.5,20.299999999999983,30000,30.6,56.1,5.3,38.5,200.0,1.3,0.34
154,0.5,20.39999999999998,30000,30.6,56.1,5.3,38.5,200.0,1.3,0.34
155,0.5,20.49999999999998,30000,30.6,56.1,5.3,38.5,200.0,1.3,0.34
156,0.5,20.59999999999998,30000,30.6,56.1,5.3,38.5,200.0,1.3,0.34
157,0.5,20.69999999999998,30000,30.6,56.1,5.3,38.5,200.0,1.3,0.34
158,0.5,20.79999999999998,30000,30.6,56.1,5.3,38.5,200.0,1.3,0.34
159,0.5,20.899999999999977,30000,30.6,56.1,5.3,38.5,200.0,1.3,0.34
160,0.5,20.99999999999998,30000,30.6,56.1,5.3,38.5,200.0,1.3,0.34
161,0.5,21.09999999999998,30000,30.6,56.1,5.3,38.5,200.0,1.3,0.34
162,0.5,21.199999999999978,30000,30.6,56.1,5.3,38.5,200.0,1.3,0.34
163,0.5,21.299999999999976,30000,30.6,56.1,5.3,38.5,200.0,1.3,0.34
164,0.5,21.399999999999977,30000,30.6,56.1,5.3,38.5,200.0,1.3,0.34
165,0.5,21.49999999999998,30000,30.6,56.1,5.3,38.5,200.0,1.3,0.34
166,0.5,21.599999999999977,30000,30.6,56.1,5.3,38.5,200.0,1.3,0.34
167,0.5,21.699999999999974,30000,30.6,56.1,5.3,38.5,200.0,1.3,0.34
168,0.5,21.799999999999976,30000,30.6,56.1,5.3,38.5,200.0,1.3,0.34
169,0.5,21.899999999999977,30000,30.6,56.1,5.3,38.5,200.0,1.3,0.34
170,0.5,21.999999999999975,30000,30.6,56.1,5.3,38.5,200.0,1.3,0.34
171,0.5,22.099999999999973,30000,30.6,56.1,5.3,38.5,200.0,1.3,0.34
172,0.5,22.199999999999974,30000,30.6,56.1,5.3,38.5,200.0,1.3,0.34
173,0.5,22.299999999999976,30000,30.6,56.1,5.3,38.5,200.0,1.3,0.34
174,0.5,22.399999999999974,30000,30.6,56.1,5.3,38.5,200.0,1.3,0.34
175,0.5,22.49999999999997,30000,30.6,56.1,5.3,38.5,200.0,1.3,0.34
176,0.5,22.599999999999973,30000,30.6,56.1,5.3,38.5,200.0,1.3,0.34
177,0.5,22.699999999999974,30000,30.6,56.1,5.3,38.5,200.0,1.3,0.34
178,0.5,22.799999999999972,30000,30.6,56.1,5.3,38.5,200.0,1.3,0.34
179,0.5,22.89999999999997,30000,30.6,56.1,5.3,38.5,200.0,1.3,0.34
180,0.5,22.99999999999997,30000,30.6,56.1,5.3,38.5,200.0,1.3,0.34
181,0.5,23.099999999999973,30000,30.6,56.1,5.3,38.5,200.0,1.3,0.34
182,0.5,23.19999999999997,30000,30.6,56.1,5.3,38.5,200.0,1.3,0.34
183,0.5,23.29999999999997,30000,30.6,56.1,5.3,38.5,200.0,1.3,0.34
184,0.5,23.39999999999997,30000,30.6,56.1,5.3,38.5,200.0,1.3,0.34
185,0.5,23.49999999999997,30000,30.6,56.1,5.3,38.5,200.0,1.3,0.34
186,0.5,23.59999999999997,30000,30.6,56.1,5.3,38.5,200.0,1.3,0.34
187,0.5,23.699999999999967,30000,30.6,56.1,5.3,38.5,200.0,1.3,0.34
188,0.5,23.79999999999997,30000,30.6,56.1,5.3,38.5,200.0,1.3,0.34
189,0.5,23.89999999999997,30000,30.6,56.1,5.3,38.5,200.0,1.3,0.34
190,0.5,23.999999999999968,30000,30.6,56.1,5.3,38.5,200.0,1.3,0.34
191,0.5,24.099999999999966,30000,30.6,56.1,5.3,38.5,200.0,1.3,0.34
192,0.5,24.199999999999967,30000,30.6,56.1,5.3,38.5,200.0,1.3,0.34
193,0.5,24.29999999999997,30000,30.6,56.1,5.3,38.5,200.0,1.3,0.34
194,0.5,24.399999999999967,30000,30.6,56.1,5.3,38.5,200.0,1.3,0.34
195,0.5,24.499999999999964,30000,30.6,56.1,5.3,38.5,200.0,1.3,0.34
196,0.5,24.599999999999966,30000,30.6,56.1,5.3,38.5,200.0,1.3,0.34
197,0.5,24.699999999999967,30000,30.6,56.1,5.3,38.5,200.0,1.3,0.34
198,0.5,24.799999999999965,30000,30.6,56.1,5.3,38.5,200.0,1.3,0.34
199,0.5,24.899999999999963,30000,30.6,56.1,5.3,38.5,200.0,1.3,0.34
200,1.0,15.0,30000,30.6,56.1,5.3,38.5,200.0,1.3,0.34
201,1.0,15.1,30000,30.6,56.1,5.3,38.5,200.0,1.3,0.34
202,1.0,15.2,30000,30.6,56.1,5.3,38.5,200.0,1.3,0.34
203,1.0,15.299999999999999,30000,30.6,56.1,5.3,38.5,200.0,1.3,0.34
204,1.0,15.399999999999999,30000,30.6,56.1,5.3,38.5,200.0,1.3,0.34
205,1.0,15.499999999999998,30000,30.6,56.1,5.3,38.5,200.0,1.3,0.34
206,1.0,15.599999999999998,30000,30.6,56.1,5.3,38.5,200.0,1.3,0.34
207,1.0,15.699999999999998,30000,30.6,56.1,5.3,38.5,200.0,1.3,0.34
208,1.0,15.799999999999997,30000,30.6,56.1,5.3,38.5,200.0,1.3,0.34
209,1.0,15.899999999999997,30000,30.6,56.1,5.3,38.5,200.0,1.3,0.34
210,1.0,15.999999999999996,30000,30.6,56.1,5.3,38.5,200.0,1.3,0.34
211,1.0,16.099999999999994,30000,30.6,56.1,5.3,38.5,200.0,1.3,0.34
212,1.0,16.199999999999996,30000,30.6,56.1,5.3,38.5,200.0,1.3,0.34
213,1.0,16.299999999999997,30000,30.6,56.1,5.3,38.5,200.0,1.3,0.34
214,1.0,16.399999999999995,30000,30.6,56.1,5.3,38.5,200.0,1.3,0.34
215,1.0,16.499999999999993,30000,30.6,56.1,5.3,38.5,200.0,1.3,0.34
216,1.0,16.599999999999994,30000,30.6,56.1,5.3,38.5,200.0,1.3,0.34
217,1.0,16.699999999999996,30000,30.6,56.1,5.3,38.5,200.0,1.3,0.34
218,1.0,16.799999999999994,30000,30.6,56.1,5.3,38.5,200.0,1.3,0.34
219,1.0,16.89999999999999,30000,30.6,56.1,5.3,38.5,200.0,1.3,0.34
220,1.0,16.999999999999993,30000,30.6,56.1,5.3,38.5,200.0,1.3,0.34
221,1.0,17.099999999999994,30000,30.6,56.1,5.3,38.5,200.0,1.3,0.34
222,1.0,17.199999999999992,30000,30.6,56.1,5.3,38.5,200.0,1.3,0.34
223,1.0,17.29999999999999,30000,30.6,56.1,5.3,38.5,200.0,1.3,0.34
224,1.0,17.39999999999999,30000,30.6,56.1,5.3,38.5,200.0,1.3,0.34
225,1.0,17.499999999999993,30000,30.6,56.1,5.3,38.5,200.0,1.3,0.34
226,1.0,17.59999999999999,30000,30.6,56.1,5.3,38.5,200.0,1.3,0.34
227,1.0,17.69999999999999,30000,30.6,56.1,5.3,38.5,200.0,1.3,0.34
228,1.0,17.79999999999999,30000,30.6,56.1,5.3,38.5,200.0,1.3,0.34
229,1.0,17.89999999999999,30000,30.6,56.1,5.3,38.5,200.0,1.3,0.34
230,1.0,17.99999999999999,30000,30.6,56.1,5.3,38.5,200.0,1.3,0.34
231,1.0,18.099999999999987,30000,30.6,56.1,5.3,38.5,200.0,1.3,0.34
232,1.0,18.19999999999999,30000,30.6,56.1,5.3,38.5,200.0,1.3,0.34
233,1.0,18.29999999999999,30000,30.6,56.1,5.3,38.5,200.0,1.3,0.34
234,1.0,18.399999999999988,30000,30.6,56.1,5.3,38.5,200.0,1.3,0.34
235,1.0,18.499999999999986,30000,30.6,56.1,5.3,38.5,200.0,1.3,0.34
236,1.0,18.599999999999987,30000,30.6,56.1,5.3,38.5,200.0,1.3,0.34
237,1.0,18.69999999999999,30000,30.6,56.1,5.3,38.5,200.0,1.3,0.34
238,1.0,18.799999999999986,30000,30.6,56.1,5.3,38.5,200.0,1.3,0.34
239,1.0,18.899999999999984,30000,30.6,56.1,5.3,38.5,200.0,1.3,0.34
240,1.0,18.999999999999986,30000,30.6,56.1,5.3,38.5,200.0,1.3,0.34
241,1.0,19.099999999999987,30000,30.6,56.1,5.3,38.5,200.0,1.3,0.34
242,1.0,19.199999999999985,30000,30.6,56.1,5.3,38.5,200.0,1.3,0.34
243,1.0,19.299999999999983,30000,30.6,56.1,5.3,38.5,200.0,1.3,0.34
244,1.0,19.399999999999984,30000,30.6,56.1,5.3,38.5,200.0,1.3,0.34
245,1.0,19.499999999999986,30000,30.6,56.1,5.3,38.5,200.0,1.3,0.34
246,1.0,19.599999999999984,30000,30.6,56.1,5.3,38.5,200.0,1.3,0.34
247,1.0,19.69999999999998,30000,30.6,56.1,5.3,38.5,200.0,1.3,0.34
248,1.0,19.799999999999983,30000,30.6,56.1,5.3,38.5,200.0,1.3,0.34
249,1.0,19.899999999999984,30000,30.6,56.1,5.3,38.5,200.0,1.3,0.34
250,1.0,19.999999999999982,30000,30.6,56.1,5.3,38.5,200.0,1.3,0.34
251,1.0,20.09999999999998,30000,30.6,56.1,5.3,38.5,200.0,1.3,0.34
252,1.0,20.19999999999998,30000,30.6,56.1,5.3,38.5,200.0,1.3,0.34
253,1.0,20.299999999999983,30000,30.6,56.1,5.3,38.5,200.0,1.3,0.34
254,1.0,20.39999999999998,30000,30.6,56.1,5.3,38.5,200.0,1.3,0.34
255,1.0,20.49999999999998,30000,30.6,56.1,5.3,38.5,200.0,1.3,0.34
256,1.0,20.59999999999998,30000,30.6,56.1,5.3,38.5,200.0,1.3,0.34
257,1.0,20.69999999999998,30000,30.6,56.1,5.3,38.5,200.0,1.3,0.34
258,1.0,20.79999999999998,30000,30.6,56.1,5.3,38.5,200.0,1.3,0.34
259,1.0,20.899999999999977,30000,30.6,56.1,5.3,38.5,200.0,1.3,0.34
260,1.0,20.99999999999998,30000,30.6,56.1,5.3,38.5,200.0,1.3,0.34
261,1.0,21.09999999999998,30000,30.6,56.1,5.3,38.5,200.0,1.3,0.34
262,1.0,21.199999999999978,30000,30.6,56.1,5.3,38.5,200.0,1.3,0.34
263,1.0,21.299999999999976,30000,30.6,56.1,5.3,38.5,200.0,1.3,0.34
264,1.0,21.399999999999977,30000,30.6,56.1,5.3,38.5,200.0,1.3,0.34
265,1.0,21.49999999999998,30000,30.6,56.1,5.3,38.5,200.0,1.3,0.34
266,1.0,21.599999999999977,30000,30.6,56.1,5.3,38.5,200.0,1.3,0.34
267,1.0,21.699999999999974,30000,30.6,56.1,5.3,38.5,200.0,1.3,0.34
268,1.0,21.799999999999976,30000,30.6,56.1,5.3,38.5,200.0,1.3,0.34
269,1.0,21.899999999999977,30000,30.6,56.1,5.3,38.5,200.0,1.3,0.34
270,1.0,21.999999999999975,30000,30.6,56.1,5.3,38.5,200.0,1.3,0.34
271,1.0,22.099999999999973,30000,30.6,56.1,5.3,38.5,200.0,1.3,0.34
272,1.0,22.199999999999974,30000,30.6,56.1,5.3,38.5,200.0,1.3,0.34
273,1.0,22.299999999999976,30000,30.6,56.1,5.3,38.5,200.0,1.3,0.34
274,1.0,22.399999999999974,30000,30.6,56.1,5.3,38.5,200.0,1.3,0.34
275,1.0,22.49999999999997,30000,30.6,56.1,5.3,38.5,200.0,1.3,0.34
276,1.0,22.599999999999973,30000,30.6,56.1,5.3,38.5,200.0,1.3,0.34
277,1.0,22.699999999999974,30000,30.6,56.1,5.3,38.5,200.0,1.3,0.34
278,1.0,22.799999999999972,30000,30.6,56.1,5.3,38.5,200.0,1.3,0.34
279,1.0,22.89999999999997,30000,30.6,56.1,5.3,38.5,200.0,1.3,0.34
280,1.0,22.99999999999997,30000,30.6,56.1,5.3,38.5,200.0,1.3,0.34
281,1.0,23.099999999999973,30000,30.6,56.1,5.3,38.5,200.0,1.3,0.34
282,1.0,23.19999999999997,30000,30.6,56.1,5.3,38.5,200.0,1.3,0.34
283,1.0,23.29999999999997,30000,30.6,56.1,5.3,38.5,200.0,1.3,0.34
284,1.0,23.39999999999997,30000,30.6,56.1,5.3,38.5,200.0,1.3,0.34
285,1.0,23.49999999999997,30000,30.6,56.1,5.3,38.5,200.0,1.3,0.34
286,1.0,23.59999999999997,30000,30.6,56.1,5.3,38.5,200.0,1.3,0.34
287,1.0,23.699999999999967,30000,30.6,56.1,5.3,38.5,200.0,1.3,0.34
288,1.0,23.79999999999997,30000,30.6,56.1,5.3,38.5,200.0,1.3,0.34
289,1.0,23.89999999999997,30000,30.6,56.1,5.3,38.5,200.0,1.3,0.34
290,1.0,23.999999999999968,30000,30.6,56.1,5.3,38.5,200.0,1.3,0.34
291,1.0,24.099999999999966,30000,30.6,56.1,5.3,38.5,200.0,1.3,0.34
292,1.0,24.199999999999967,30000,30.6,56.1,5.3,38.5,200.0,1.3,0.34
293,1.0,24.29999999999997,30000,30.6,56.1,5.3,38.5,200.0,1.3,0.34
294,1.0,24.399999999999967,30000,30.6,56.1,5.3,38.5,200.0,1.3,0.34
295,1.0,24.499999999999964,30000,30.6,56.1,5.3,38.5,200.0,1.3,0.34
296,1.0,24.599999999999966,30000,30.6,56.1,5.3,38.5,200.0,1.3,0.34
297,1.0,24.699999999999967,30000,30.6,56.1,5.3,38.5,200.0,1.3,0.34
298,1.0,24.799999999999965,30000,30.6,56.1,5.3,38.5,200.0,1.3,0.34
299,1.0,24.899999999999963,30000,30.6,56.1,5.3,38.5,200.0,1.3,0.34
300,1.5,15.0,30000,30.6,56.1,5.3,38.5,200.0,1.3,0.34
301,1.5,15.1,30000,30.6,56.1,5.3,38.5,200.0,1.3,0.34
302,1.5,15.2,30000,30.6,56.1,5.3,38.5,200.0,1.3,0.34
303,1.5,15.299999999999999,30000,30.6,56.1,5.3,38.5,200.0,1.3,0.34
304,1.5,15.399999999999999,30000,30.6,56.1,5.3,38.5,200.0,1.3,0.34
305,1.5,15.499999999999998,30000,30.6,56.1,5.3,38.5,200.0,1.3,0.34
306,1.5,15.599999999999998,30000,30.6,56.1,5.3,38.5,200.0,1.3,0.34
307,1.5,15.699999999999998,30000,30.6,56.1,5.3,38.5,200.0,1.3,0.34
308,1.5,15.799999999999997,30000,30.6,56.1,5.3,38.5,200.0,1.3,0.34
309,1.5,15.899999999999997,30000,30.6,56.1,5.3,38.5,200.0,1.3,0.34
310,1.5,15.999999999999996,30000,30.6,56.1,5.3,38.5,200.0,1.3,0.34
311,1.5,16.099999999999994,30000,30.6,56.1,5.3,38.5,200.0,1.3,0.34
312,1.5,16.199999999999996,30000,30.6,56.1,5.3,38.5,200.0,1.3,0.34
313,1.5,16.299999999999997,30000,30.6,56.1,5.3,38.5,200.0,1.3,0.34
314,1.5,16.399999999999995,30000,30.6,56.1,5.3,38.5,200.0,1.3,0.34
315,1.5,16.499999999999993,30000,30.6,56.1,5.3,38.5,200.0,1.3,0.34
316,1.5,16.599999999999994,30000,30.6,56.1,5.3,38.5,200.0,1.3,0.34
317,1.5,16.699999999999996,30000,30.6,56.1,5.3,38.5,200.0,1.3,0.34
318,1.5,16.799999999999994,30000,30.6,56.1,5.3,38.5,200.0,1.3,0.34
319,1.5,16.89999999999999,30000,30.6,56.1,5.3,38.5,200.0,1.3,0.34
320,1.5,16.999999999999993,30000,30.6,56.1,5.3,38.5,200.0,1.3,0.34
321,1.5,17.099999999999994,30000,30.6,56.1,5.3,38.5,200.0,1.3,0.34
322,1.5,17.199999999999992,30000,30.6,56.1,5.3,38.5,200.0,1.3,0.34
323,1.5,17.29999999999999,30000,30.6,56.1,5.3,38.5,200.0,1.3,0.34
324,1.5,17.39999999999999,30000,30.6,56.1,5.3,38.5,200.0,1.3,0.34
325,1.5,17.499999999999993,30000,30.6,56.1,5.3,38.5,200.0,1.3,0.34
326,1.5,17.59999999999999,30000,30.6,56.1,5.3,38.5,200.0,1.3,0.34
327,1.5,17.69999999999999,30000,30.6,56.1,5.3,38.5,200.0,1.3,0.34
328,1.5,17.79999999999999,30000,30.6,56.1,5.3,38.5,200.0,1.3,0.34
329,1.5,17.89999999999999,30000,30.6,56.1,5.3,38.5,200.0,1.3,0.34
330,1.5,17.99999999999999,30000,30.6,56.1,5.3,38.5,200.0,1.3,0.34
331,1.5,18.099999999999987,30000,30.6,56.1,5.3,38.5,200.0,1.3,0.34
332,1.5,18.19999999999999,30000,30.6,56.1,5.3,38.5,200.0,1.3,0.34
333,1.5,18.29999999999999,30000,30.6,56.1,5.3,38.5,200.0,1.3,0.34
334,1.5,18.399999999999988,30000,30.6,56.1,5.3,38.5,200.0,1.3,0.34
335,1.5,18.499999999999986,30000,30.6,56.1,5.3,38.5,200.0,1.3,0.34
336,1.5,18.599999999999987,30000,30.6,56.1,5.3,38.5,200.0,1.3,0.34
337,1.5,18.69999999999999,30000,30.6,56.1,5.3,38.5,200.0,1.3,0.34
338,1.5,18.799999999999986,30000,30.6,56.1,5.3,38.5,200.0,1.3,0.34
339,1.5,18.899999999999984,30000,30.6,56.1,5.3,38.5,200.0,1.3,0.34
340,1.5,18.999999999999986,30000,30.6,56.1,5.3,38.5,200.0,1.3,0.34
341,1.5,19.099999999999987,30000,30.6,56.1,5.3,38.5,200.0,1.3,0.34
342,1.5,19.199999999999985,30000,30.6,56.1,5.3,38.5,200.0,1.3,0.34
343,1.5,19.299999999999983,30000,30.6,56.1,5.3,38.5,200.0,1.3,0.34
344,1.5,19.399999999999984,30000,30.6,56.1,5.3,38.5,200.0,1.3,0.34
345,1.5,19.499999999999986,30000,30.6,56.1,5.3,38.5,200.0,1.3,0.34
346,1.5,19.599999999999984,30000,30.6,56.1,5.3,38.5,200.0,1.3,0.34
347,1.5,19.69999999999998,30000,30.6,56.1,5.3,38.5,200.0,1.3,0.34
348,1.5,19.799999999999983,30000,30.6,56.1,5.3,38.5,200.0,1.3,0.34
349,1.5,19.899999999999984,30000,30.6,56.1,5.3,38.5,200.0,1.3,0.34
350,1.5,19.999999999999982,30000,30.6,56.1,5.3,38.5,200.0,1.3,0.34
351,1.5,20.09999999999998,30000,30.6,56.1,5.3,38.5,200.0,1.3,0.34
352,1.5,20.19999999999998,30000,30.6,56.1,5.3,38.5,200.0,1.3,0.34
353,1.5,20.299999999999983,30000,30.6,56.1,5.3,38.5,200.0,1.3,0.34
354,1.5,20.39999999999998,30000,30.6,56.1,5.3,38.5,200.0,1.3,0.34
355,1.5,20.49999999999998,30000,30.6,56.1,5.3,38.5,200.0,1.3,0.34
356,1.5,20.59999999999998,30000,30.6,56.1,5.3,38.5,200.0,1.3,0.34
357,1.5,20.69999999999998,30000,30.6,56.1,5.3,38.5,200.0,1.3,0.34
358,1.5,20.79999999999998,30000,30.6,56.1,5.3,38.5,200.0,1.3,0.34
359,1.5,20.899999999999977,30000,30.6,56.1,5.3,38.5,200.0,1.3,0.34
360,1.5,20.99999999999998,30000,30.6,56.1,5.3,38.5,200.0,1.3,0.34
361,1.5,21.09999999999998,30000,30.6,56.1,5.3,38.5,200.0,1.3,0.34
362,1.5,21.199999999999978,30000,30.6,56.1,5.3,38.5,200.0,1.3,0.34
363,1.5,21.299999999999976,30000,30.6,56.1,5.3,38.5,200.0,1.3,0.34
364,1.5,21.399999999999977,30000,30.6,56.1,5.3,38.5,200.0,1.3,0.34
365,1.5,21.49999999999998,30000,30.6,56.1,5.3,38.5,200.0,1.3,0.34
366,1.5,21.599999999999977,30000,30.6,56.1,5.3,38.5,200.0,1.3,0.34
367,1.5,21.699999999999974,30000,30.6,56.1,5.3,38.5,200.0,1.3,0.34
368,1.5,21.799999999999976,30000,30.6,56.1,5.3,38.5,200.0,1.3,0.34
369,1.5,21.899999999999977,30000,30.6,56.1,5.3,38.5,200.0,1.3,0.34
370,1.5,21.999999999999975,30000,30.6,56.1,5.3,38.5,200.0,1.3,0.34
371,1.5,22.099999999999973,30000,30.6,56.1,5.3,38.5,200.0,1.3,0.34
372,1.5,22.199999999999974,30000,30.6,56.1,5.3,38.5,200.0,1.3,0.34
373,1.5,22.299999999999976,30000,30.6,56.1,5.3,38.5,200.0,1.3,0.34
374,1.5,22.399999999999974,30000,30.6,56.1,5.3,38.5,200.0,1.3,0.34
375,1.5,22.49999999999997,30000,30.6,56.1,5.3,38.5,200.0,1.3,0.34
376,1.5,22.599999999999973,30000,30.6,56.1,5.3,38.5,200.0,1.3,0.34
377,1.5,22.699999999999974,30000,30.6,56.1,5.3,38.5,200.0,1.3,0.34
378,1.5,22.799999999999972,30000,30.6,56.1,5.3,38.5,200.0,1.3,0.34
379,1.5,22.89999999999997,30000,30.6,56.1,5.3,38.5,200.0,1.3,0.34
380,1.5,22.99999999999997,30000,30.6,56.1,5.3,38.5,200.0,1.3,0.34
381,1.5,23.099999999999973,30000,30.6,56.1,5.3,38.5,200.0,1.3,0.34
382,1.5,23.19999999999997,30000,30.6,56.1,5.3,38.5,200.0,1.3,0.34
383,1.5,23.29999999999997,30000,30.6,56.1,5.3,38.5,200.0,1.3,0.34
384,1.5,23.39999999999997,30000,30.6,56.1,5.3,38.5,200.0,1.3,0.34
385,1.5,23.49999999999997,30000,30.6,56.1,5.3,38.5,200.0,1.3,0.34
386,1.5,23.59999999999997,30000,30.6,56.1,5.3,38.5,200.0,1.3,0.34
387,1.5,23.699999999999967,30000,30.6,56.1,5.3,38.5,200.0,1.3,0.34
388,1.5,23.79999999999997,30000,30.6,56.1,5.3,38.5,200.0,1.3,0.34
389,1.5,23.89999999999997,30000,30.6,56.1,5.3,38.5,200.0,1.3,0.34
390,1.5,23.999999999999968,30000,30.6,56.1,5.3,38.5,200.0,1.3,0.34
391,1.5,24.099999999999966,30000,30.6,56.1,5.3,38.5,200.0,1.3,0.34
392,1.5,24.199999999999967,30000,30.6,56.1,5.3,38.5,200.0,1.3,0.34
393,1.5,24.29999999999997,30000,30.6,56.1,5.3,38.5,200.0,1.3,0.34
394,1.5,24.399999999999967,30000,30.6,56.1,5.3,38.5,200.0,1.3,0.34
395,1.5,24.499999999999964,30000,30.6,56.1,5.3,38.5,200.0,1.3,0.34
396,1.5,24.599999999999966,30000,30.6,56.1,5.3,38.5,200.0,1.3,0.34
397,1.5,24.699999999999967,30000,30.6,56.1,5.3,38.5,200.0,1.3,0.34
398,1.5,24.799999999999965,30000,30.6,56.1,5.3,38.5,200.0,1.3,0.34
399,1.5,24.899999999999963,30000,30.6,56.1,5.3,38.5,200.0,1.3,0.34
400,2.0,15.0,30000,30.6,56.1,5.3,38.5,200.0,1.3,0.34
401,2.0,15.1,30000,30.6,56.1,5.3,38.5,200.0,1.3,0.34
402,2.0,15.2,30000,30.6,56.1,5.3,38.5,200.0,1.3,0.34
403,2.0,15.299999999999999,30000,30.6,56.1,5.3,38.5,200.0,1.3,0.34
404,2.0,15.399999999999999,30000,30.6,56.1,5.3,38.5,200.0,1.3,0.34
405,2.0,15.499999999999998,30000,30.6,56.1,5.3,38.5,200.0,1.3,0.34
406,2.0,15.599999999999998,30000,30.6,56.1,5.3,38.5,200.0,1.3,0.34
407,2.0,15.699999999999998,30000,30.6,56.1,5.3,38.5,200.0,1.3,0.34
408,2.0,15.799999999999997,30000,30.6,56.1,5.3,38.5,200.0,1.3,0.34
409,2.0,15.899999999999997,30000,30.6,56.1,5.3,38.5,200.0,1.3,0.34
410,2.0,15.999999999999996,30000,30.6,56.1,5.3,38.5,200.0,1.3,0.34
411,2.0,16.099999999999994,30000,30.6,56.1,5.3,38.5,200.0,1.3,0.34
412,2.0,16.199999999999996,30000,30.6,56.1,5.3,38.5,200.0,1.3,0.34
413,2.0,16.299999999999997,30000,30.6,56.1,5.3,38.5,200.0,1.3,0.34
414,2.0,16.399999999999995,30000,30.6,56.1,5.3,38.5,200.0,1.3,0.34
415,2.0,16.499999999999993,30000,30.6,56.1,5.3,38.5,200.0,1.3,0.34
416,2.0,16.599999999999994,30000,30.6,56.1,5.3,38.5,200.0,1.3,0.34
417,2.0,16.699999999999996,30000,30.6,56.1,5.3,38.5,200.0,1.3,0.34
418,2.0,16.799999999999994,30000,30.6,56.1,5.3,38.5,200.0,1.3,0.34
419,2.0,16.89999999999999,30000,30.6,56.1,5.3,38.5,200.0,1.3,0.34
420,2.0,16.999999999999993,30000,30.6,56.1,5.3,38.5,200.0,1.3,0.34
421,2.0,17.099999999999994,30000,30.6,56.1,5.3,38.5,200.0,1.3,0.34
422,2.0,17.199999999999992,30000,30.6,56.1,5.3,38.5,200.0,1.3,0.34
423,2.0,17.29999999999999,30000,30.6,56.1,5.3,38.5,200.0,1.3,0.34
424,2.0,17.39999999999999,30000,30.6,56.1,5.3,38.5,200.0,1.3,0.34
425,2.0,17.499999999999993,30000,30.6,56.1,5.3,38.5,200.0,1.3,0.34
426,2.0,17.59999999999999,30000,30.6,56.1,5.3,38.5,200.0,1.3,0.34
427,2.0,17.69999999999999,30000,30.6,56.1,5.3,38.5,200.0,1.3,0.34
428,2.0,17.79999999999999,30000,30.6,56.1,5.3,38.5,200.0,1.3,0.34
429,2.0,17.89999999999999,30000,30.6,56.1,5.3,38.5,200.0,1.3,0.34
430,2.0,17.99999999999999,30000,30.6,56.1,5.3,38.5,200.0,1.3,0.34
431,2.0,18.099999999999987,30000,30.6,56.1,5.3,38.5,200.0,1.3,0.34
432,2.0,18.19999999999999,30000,30.6,56.1,5.3,38.5,200.0,1.3,0.34
433,2.0,18.29999999999999,30000,30.6,56.1,5.3,38.5,200.0,1.3,0.34
434,2.0,18.399999999999988,30000,30.6,56.1,5.3,38.5,200.0,1.3,0.34
435,2.0,18.499999999999986,30000,30.6,56.1,5.3,38.5,200.0,1.3,0.34
436,2.0,18.599999999999987,30000,30.6,56.1,5.3,38.5,200.0,1.3,0.34
437,2.0,18.69999999999999,30000,30.6,56.1,5.3,38.5,200.0,1.3,0.34
438,2.0,18.799999999999986,30000,30.6,56.1,5.3,38.5,200.0,1.3,0.34
439,2.0,18.899999999999984,30000,30.6,56.1,5.3,38.5,200.0,1.3,0.34
440,2.0,18.999999999999986,30000,30.6,56.1,5.3,38.5,200.0,1.3,0.34
441,2.0,19.099999999999987,30000,30.6,56.1,5.3,38.5,200.0,1.3,0.34
442,2.0,19.199999999999985,30000,30.6,56.1,5.3,38.5,200.0,1.3,0.34
443,2.0,19.299999999999983,30000,30.6,56.1,5.3,38.5,200.0,1.3,0.34
444,2.0,19.399999999999984,30000,30.6,56.1,5.3,38.5,200.0,1.3,0.34
445,2.0,19.499999999999986,30000,30.6,56.1,5.3,38.5,200.0,1.3,0.34
446,2.0,19.599999999999984,30000,30.6,56.1,5.3,38.5,200.0,1.3,0.34
447,2.0,19.69999999999998,30000,30.6,56.1,5.3,38.5,200.0,1.3,0.34
448,2.0,19.799999999999983,30000,30.6,56.1,5.3,38.5,200.0,1.3,0.34
449,2.0,19.899999999999984,30000,30.6,56.1,5.3,38.5,200.0,1.3,0.34
450,2.0,19.999999999999982,30000,30.6,56.1,5.3,38.5,200.0,1.3,0.34
451,2.0,20.09999999999998,30000,30.6,56.1,5.3,38.5,200.0,1.3,0.34
452,2.0,20.19999999999998,30000,30.6,56.1,5.3,38.5,200.0,1.3,0.34
453,2.0,20.299999999999983,30000,30.6,56.1,5.3,38.5,200.0,1.3,0.34
454,2.0,20.39999999999998,30000,30.6,56.1,5.3,38.5,200.0,1.3,0.34
455,2.0,20.49999999999998,30000,30.6,56.1,5.3,38.5,200.0,1.3,0.34
456,2.0,20.59999999999998,30000,30.6,56.1,5.3,38.5,200.0,1.3,0.34
457,2.0,20.69999999999998,30000,30.6,56.1,5.3,38.5,200.0,1.3,0.34
458,2.0,20.79999999999998,30000,30.6,56.1,5.3,38.5,200.0,1.3,0.34
459,2.0,20.899999999999977,30000,30.6,56.1,5.3,38.5,200.0,1.3,0.34
460,2.0,20.99999999999998,30000,30.6,56.1,5.3,38.5,200.0,1.3,0.34
461,2.0,21.09999999999998,30000,30.6,56.1,5.3,38.5,200.0,1.3,0.34
462,2.0,21.199999999999978,30000,30.6,56.1,5.3,38.5,200.0,1.3,0.34
463,2.0,21.299999999999976,30000,30.6,56.1,5.3,38.5,200.0,1.3,0.34
464,2.0,21.399999999999977,30000,30.6,56.1,5.3,38.5,200.0,1.3,0.34
465,2.0,21.49999999999998,30000,30.6,56.1,5.3,38.5,200.0,1.3,0.34
466,2.0,21.599999999999977,30000,30.6,56.1,5.3,38.5,200.0,1.3,0.34
467,2.0,21.699999999999974,30000,30.6,56.1,5.3,38.5,200.0,1.3,0.34
468,2.0,21.799999999999976,30000,30.6,56.1,5.3,38.5,200.0,1.3,0.34
469,2.0,21.899999999999977,30000,30.6,56.1,5.3,38.5,200.0,1.3,0.34
470,2.0,21.999999999999975,30000,30.6,56.1,5.3,38.5,200.0,1.3,0.34
471,2.0,22.099999999999973,30000,30.6,56.1,5.3,38.5,200.0,1.3,0.34
472,2.0,22.199999999999974,30000,30.6,56.1,5.3,38.5,200.0,1.3,0.34
473,2.0,22.299999999999976,30000,30.6,56.1,5.3,38.5,200.0,1.3,0.34
474,2.0,22.399999999999974,30000,30.6,56.1,5.3,38.5,200.0,1.3,0.34
475,2.0,22.49999999999997,30000,30.6,56.1,5.3,38.5,200.0,1.3,0.34
476,2.0,22.599999999999973,30000,30.6,56.1,5.3,38.5,200.0,1.3,0.34
477,2.0,22.699999999999974,30000,30.6,56.1,5.3,38.5,200.0,1.3,0.34
478,2.0,22.799999999999972,30000,30.6,56.1,5.3,38.5,200.0,1.3,0.34
479,2.0,22.89999999999997,30000,30.6,56.1,5.3,38.5,200.0,1.3,0.34
480,2.0,22.99999999999997,30000,30.6,56.1,5.3,38.5,200.0,1.3,0.34
481,2.0,23.099999999999973,30000,30.6,56.1,5.3,38.5,200.0,1.3,0.34
482,2.0,23.19999999999997,30000,30.6,56.1,5.3,38.5,200.0,1.3,0.34
483,2.0,23.29999999999997,30000,30.6,56.1,5.3,38.5,200.0,1.3,0.34
484,2.0,23.39999999999997,30000,30.6,56.1,5.3,38.5,200.0,1.3,0.34
485,2.0,23.49999999999997,30000,30.6,56.1,5.3,38.5,200.0,1.3,0.34
486,2.0,23.59999999999997,30000,30.6,56.1,5.3,38.5,200.0,1.3,0.34
487,2.0,23.699999999999967,30000,30.6,56.1,5.3,38.5,200.0,1.3,0.34
488,2.0,23.79999999999997,30000,30.6,56.1,5.3,38.5,200.0,1.3,0.34
489,2.0,23.89999999999997,30000,30.6,56.1,5.3,38.5,200.0,1.3,0.34
490,2.0,23.999999999999968,30000,30.6,56.1,5.3,38.5,200.0,1.3,0.34
491,2.0,24.099999999999966,30000,30.6,56.1,5.3,38.5,200.0,1.3,0.34
492,2.0,24.199999999999967,30000,30.6,56.1,5.3,38.5,200.0,1.3,0.34
493,2.0,24.29999999999997,30000,30.6,56.1,5.3,38.5,200.0,1.3,0.34
494,2.0,24.399999999999967,30000,30.6,56.1,5.3,38.5,200.0,1.3,0.34
495,2.0,24.499999999999964,30000,30.6,56.1,5.3,38.5,200.0,1.3,0.34
496,2.0,24.599999999999966,30000,30.6,56.1,5.3,38.5,200.0,1.3,0.34
497,2.0,24.699999999999967,30000,30.6,56.1,5.3,38.5,200.0,1.3,0.34
498,2.0,24.799999999999965,30000,30.6,56.1,5.3,38.5,200.0,1.3,0.34
499,2.0,24.899999999999963,30000,30.6,56.1,5.3,38.5,200.0,1.3,0.34
500,2.5,15.0,30000,30.6,56.1,5.3,38.5,200.0,1.3,0.34
501,2.5,15.1,30000,30.6,56.1,5.3,38.5,200.0,1.3,0.34
502,2.5,15.2,30000,30.6,56.1,5.3,38.5,200.0,1.3,0.34
503,2.5,15.299999999999999,30000,30.6,56.1,5.3,38.5,200.0,1.3,0.34
504,2.5,15.399999999999999,30000,30.6,56.1,5.3,38.5,200.0,1.3,0.34
505,2.5,15.499999999999998,30000,30.6,56.1,5.3,38.5,200.0,1.3,0.34
506,2.5,15.599999999999998,30000,30.6,56.1,5.3,38.5,200.0,1.3,0.34
507,2.5,15.699999999999998,30000,30.6,56.1,5.3,38.5,200.0,1.3,0.34
508,2.5,15.799999999999997,30000,30.6,56.1,5.3,38.5,200.0,1.3,0.34
509,2.5,15.899999999999997,30000,30.6,56.1,5.3,38.5,200.0,1.3,0.34
510,2.5,15.999999999999996,30000,30.6,56.1,5.3,38.5,200.0,1.3,0.34
511,2.5,16.099999999999994,30000,30.6,56.1,5.3,38.5,200.0,1.3,0.34
512,2.5,16.199999999999996,30000,30.6,56.1,5.3,38.5,200.0,1.3,0.34
513,2.5,16.299999999999997,30000,30.6,56.1,5.3,38.5,200.0,1.3,0.34
514,2.5,16.399999999999995,30000,30.6,56.1,5.3,38.5,200.0,1.3,0.34
515,2.5,16.499999999999993,30000,30.6,56.1,5.3,38.5,200.0,1.3,0.34
516,2.5,16.599999999999994,30000,30.6,56.1,5.3,38.5,200.0,1.3,0.34
517,2.5,16.699999999999996,30000,30.6,56.1,5.3,38.5,200.0,1.3,0.34
518,2.5,16.799999999999994,30000,30.6,56.1,5.3,38.5,200.0,1.3,0.34
519,2.5,16.89999999999999,30000,30.6,56.1,5.3,38.5,200.0,1.3,0.34
520,2.5,16.999999999999993,30000,30.6,56.1,5.3,38.5,200.0,1.3,0.34
521,2.5,17.099999999999994,30000,30.6,56.1,5.3,38.5,200.0,1.3,0.34
522,2.5,17.199999999999992,30000,30.6,56.1,5.3,38.5,200.0,1.3,0.34
523,2.5,17.29999999999999,30000,30.6,56.1,5.3,38.5,200.0,1.3,0.34
524,2.5,17.39999999999999,30000,30.6,56.1,5.3,38.5,200.0,1.3,0.34
525,2.5,17.499999999999993,30000,30.6,56.1,5.3,38.5,200.0,1.3,0.34
526,2.5,17.59999999999999,30000,30.6,56.1,5.3,38.5,200.0,1.3,0.34
527,2.5,17.69999999999999,30000,30.6,56.1,5.3,38.5,200.0,1.3,0.34
528,2.5,17.79999999999999,30000,30.6,56.1,5.3,38.5,200.0,1.3,0.34
529,2.5,17.89999999999999,30000,30.6,56.1,5.3,38.5,200.0,1.3,0.34
530,2.5,17.99999999999999,30000,30.6,56.1,5.3,38.5,200.0,1.3,0.34
531,2.5,18.099999999999987,30000,30.6,56.1,5.3,38.5,200.0,1.3,0.34
532,2.5,18.19999999999999,30000,30.6,56.1,5.3,38.5,200.0,1.3,0.34
533,2.5,18.29999999999999,30000,30.6,56.1,5.3,38.5,200.0,1.3,0.34
534,2.5,18.399999999999988,30000,30.6,56.1,5.3,38.5,200.0,1.3,0.34
535,2.5,18.499999999999986,30000,30.6,56.1,5.3,38.5,200.0,1.3,0.34
536,2.5,18.599999999999987,30000,30.6,56.1,5.3,38.5,200.0,1.3,0.34
537,2.5,18.69999999999999,30000,30.6,56.1,5.3,38.5,200.0,1.3,0.34
538,2.5,18.799999999999986,30000,30.6,56.1,5.3,38.5,200.0,1.3,0.34
539,2.5,18.899999999999984,30000,30.6,56.1,5.3,38.5,200.0,1.3,0.34
540,2.5,18.999999999999986,30000,30.6,56.1,5.3,38.5,200.0,1.3,0.34
541,2.5,19.099999999999987,30000,30.6,56.1,5.3,38.5,200.0,1.3,0.34
542,2.5,19.199999999999985,30000,30.6,56.1,5.3,38.5,200.0,1.3,0.34
543,2.5,19.299999999999983,30000,30.6,56.1,5.3,38.5,200.0,1.3,0.34
544,2.5,19.399999999999984,30000,30.6,56.1,5.3,38.5,200.0,1.3,0.34
545,2.5,19.499999999999986,30000,30.6,56.1,5.3,38.5,200.0,1.3,0.34
546,2.5,19.599999999999984,30000,30.6,56.1,5.3,38.5,200.0,1.3,0.34
547,2.5,19.69999999999998,30000,30.6,56.1,5.3,38.5,200.0,1.3,0.34
548,2.5,19.799999999999983,30000,30.6,56.1,5.3,38.5,200.0,1.3,0.34
549,2.5,19.899999999999984,30000,30.6,56.1,5.3,38.5,200.0,1.3,0.34
550,2.5,19.999999999999982,30000,30.6,56.1,5.3,38.5,200.0,1.3,0.34
551,2.5,20.09999999999998,30000,30.6,56.1,5.3,38.5,200.0,1.3,0.34
552,2.5,20.19999999999998,30000,30.6,56.1,5.3,38.5,200.0,1.3,0.34
553,2.5,20.299999999999983,30000,30.6,56.1,5.3,38.5,200.0,1.3,0.34
554,2.5,20.39999999999998,30000,30.6,56.1,5.3,38.5,200.0,1.3,0.34
555,2.5,20.49999999999998,30000,30.6,56.1,5.3,38.5,200.0,1.3,0.34
556,2.5,20.59999999999998,30000,30.6,56.1,5.3,38.5,200.0,1.3,0.34
557,2.5,20.69999999999998,30000,30.6,56.1,5.3,38.5,200.0,1.3,0.34
558,2.5,20.79999999999998,30000,30.6,56.1,5.3,38.5,200.0,1.3,0.34
559,2.5,20.899999999999977,30000,30.6,56.1,5.3,38.5,200.0,1.3,0.34
560,2.5,20.99999999999998,30000,30.6,56.1,5.3,38.5,200.0,1.3,0.34
561,2.5,21.09999999999998,30000,30.6,56.1,5.3,38.5,200.0,1.3,0.34
562,2.5,21.199999999999978,30000,30.6,56.1,5.3,38.5,200.0,1.3,0.34
563,2.5,21.299999999999976,30000,30.6,56.1,5.3,38.5,200.0,1.3,0.34
564,2.5,21.399999999999977,30000,30.6,56.1,5.3,38.5,200.0,1.3,0.34
565,2.5,21.49999999999998,30000,30.6,56.1,5.3,38.5,200.0,1.3,0.34
566,2.5,21.599999999999977,30000,30.6,56.1,5.3,38.5,200.0,1.3,0.34
567,2.5,21.699999999999974,30000,30.6,56.1,5.3,38.5,200.0,1.3,0.34
568,2.5,21.799999999999976,30000,30.6,56.1,5.3,38.5,200.0,1.3,0.34
569,2.5,21.899999999999977,30000,30.6,56.1,5.3,38.5,200.0,1.3,0.34
570,2.5,21.999999999999975,30000,30.6,56.1,5.3,38.5,200.0,1.3,0.34
571,2.5,22.099999999999973,30000,30.6,56.1,5.3,38.5,200.0,1.3,0.34
572,2.5,22.199999999999974,30000,30.6,56.1,5.3,38.5,200.0,1.3,0.34
573,2.5,22.299999999999976,30000,30.6,56.1,5.3,38.5,200.0,1.3,0.34
574,2.5,22.399999999999974,30000,30.6,56.1,5.3,38.5,200.0,1.3,0.34
575,2.5,22.49999999999997,30000,30.6,56.1,5.3,38.5,200.0,1.3,0.34
576,2.5,22.599999999999973,30000,30.6,56.1,5.3,38.5,200.0,1.3,0.34
577,2.5,22.699999999999974,30000,30.6,56.1,5.3,38.5,200.0,1.3,0.34
578,2.5,22.799999999999972,30000,30.6,56.1,5.3,38.5,200.0,1.3,0.34
579,2.5,22.89999999999997,30000,30.6,56.1,5.3,38.5,200.0,1.3,0.34
580,2.5,22.99999999999997,30000,30.6,56.1,5.3,38.5,200.0,1.3,0.34
581,2.5,23.099999999999973,30000,30.6,56.1,5.3,38.5,200.0,1.3,0.34
582,2.5,23.19999999999997,30000,30.6,56.1,5.3,38.5,200.0,1.3,0.34
583,2.5,23.29999999999997,30000,30.6,56.1,5.3,38.5,200.0,1.3,0.34
584,2.5,23.39999999999997,30000,30.6,56.1,5.3,38.5,200.0,1.3,0.34
585,2.5,23.49999999999997,30000,30.6,56.1,5.3,38.5,200.0,1.3,0.34
586,2.5,23.59999999999997,30000,30.6,56.1,5.3,38.5,200.0,1.3,0.34
587,2.5,23.699999999999967,30000,30.6,56.1,5.3,38.5,200.0,1.3,0.34
588,2.5,23.79999999999997,30000,30.6,56.1,5.3,38.5,200.0,1.3,0.34
589,2.5,23.89999999999997,30000,30.6,56.1,5.3,38.5,200.0,1.3,0.34
590,2.5,23.999999999999968,30000,30.6,56.1,5.3,38.5,200.0,1.3,0.34
591,2.5,24.099999999999966,30000,30.6,56.1,5.3,38.5,200.0,1.3,0.34
592,2.5,24.199999999999967,30000,30.6,56.1,5.3,38.5,200.0,1.3,0.34
593,2.5,24.29999999999997,30000,30.6,56.1,5.3,38.5,200.0,1.3,0.34
594,2.5,24.399999999999967,30000,30.6,56.1,5.3,38.5,200.0,1.3,0.34
595,2.5,24.499999999999964,30000,30.6,56.1,5.3,38.5,200.0,1.3,0.34
596,2.5,24.599999999999966,30000,30.6,56.1,5.3,38.5,200.0,1.3,0.34
597,2.5,24.699999999999967,30000,30.6,56.1,5.3,38.5,200.0,1.3,0.34
598,2.5,24.799999999999965,30000,30.6,56.1,5.3,38.5,200.0,1.3,0.34
599,2.5,24.899999999999963,30000,30.6,56.1,5.3,38.5,200.0,1.3,0.34
600,3.0,15.0,30000,30.6,56.1,5.3,38.5,200.0,1.3,0.34
601,3.0,15.1,30000,30.6,56.1,5.3,38.5,200.0,1.3,0.34
602,3.0,15.2,30000,30.6,56.1,5.3,38.5,200.0,1.3,0.34
603,3.0,15.299999999999999,30000,30.6,56.1,5.3,38.5,200.0,1.3,0.34
604,3.0,15.399999999999999,30000,30.6,56.1,5.3,38.5,200.0,1.3,0.34
605,3.0,15.499999999999998,30000,30.6,56.1,5.3,38.5,200.0,1.3,0.34
606,3.0,15.599999999999998,30000,30.6,56.1,5.3,38.5,200.0,1.3,0.34
607,3.0,15.699999999999998,30000,30.6,56.1,5.3,38.5,200.0,1.3,0.34
608,3.0,15.799999999999997,30000,30.6,56.1,5.3,38.5,200.0,1.3,0.34
609,3.0,15.899999999999997,30000,30.6,56.1,5.3,38.5,200.0,1.3,0.34
610,3.0,15.999999999999996,30000,30.6,56.1,5.3,38.5,200.0,1.3,0.34
611,3.0,16.099999999999994,30000,30.6,56.1,5.3,38.5,200.0,1.3,0.34
612,3.0,16.199999999999996,30000,30.6,56.1,5.3,38.5,200.0,1.3,0.34
613,3.0,16.299999999999997,30000,30.6,56.1,5.3,38.5,200.0,1.3,0.34
614,3.0,16.399999999999995,30000,30.6,56.1,5.3,38.5,200.0,1.3,0.34
615,3.0,16.499999999999993,30000,30.6,56.1,5.3,38.5,200.0,1.3,0.34
616,3.0,16.599999999999994,30000,30.6,56.1,5.3,38.5,200.0,1.3,0.34
617,3.0,16.699999999999996,30000,30.6,56.1,5.3,38.5,200.0,1.3,0.34
618,3.0,16.799999999999994,30000,30.6,56.1,5.3,38.5,200.0,1.3,0.34
619,3.0,16.89999999999999,30000,30.6,56.1,5.3,38.5,200.0,1.3,0.34
620,3.0,16.999999999999993,30000,30.6,56.1,5.3,38.5,200.0,1.3,0.34
621,3.0,17.099999999999994,30000,30.6,56.1,5.3,38.5,200.0,1.3,0.34
622,3.0,17.199999999999992,30000,30.6,56.1,5.3,38.5,200.0,1.3,0.34
623,3.0,17.29999999999999,30000,30.6,56.1,5.3,38.5,200.0,1.3,0.34
624,3.0,17.39999999999999,30000,30.6,56.1,5.3,38.5,200.0,1.3,0.34
625,3.0,17.499999999999993,30000,30.6,56.1,5.3,38.5,200.0,1.3,0.34
626,3.0,17.59999999999999,30000,30.6,56.1,5.3,38.5,200.0,1.3,0.34
627,3.0,17.69999999999999,30000,30.6,56.1,5.3,38.5,200.0,1.3,0.34
628,3.0,17.79999999999999,30000,30.6,56.1,5.3,38.5,200.0,1.3,0.34
629,3.0,17.89999999999999,30000,30.6,56.1,5.3,38.5,200.0,1.3,0.34
630,3.0,17.99999999999999,30000,30.6,56.1,5.3,38.5,200.0,1.3,0.34
631,3.0,18.099999999999987,30000,30.6,56.1,5.3,38.5,200.0,1.3,0.34
632,3.0,18.19999999999999,30000,30.6,56.1,5.3,38.5,200.0,1.3,0.34
633,3.0,18.29999999999999,30000,30.6,56.1,5.3,38.5,200.0,1.3,0.34
634,3.0,18.399999999999988,30000,30.6,56.1,5.3,38.5,200.0,1.3,0.34
635,3.0,18.499999999999986,30000,30.6,56.1,5.3,38.5,200.0,1.3,0.34
636,3.0,18.599999999999987,30000,30.6,56.1,5.3,38.5,200.0,1.3,0.34
637,3.0,18.69999999999999,30000,30.6,56.1,5.3,38.5,200.0,1.3,0.34
638,3.0,18.799999999999986,30000,30.6,56.1,5.3,38.5,200.0,1.3,0.34
639,3.0,18.899999999999984,30000,30.6,56.1,5.3,38.5,200.0,1.3,0.34
640,3.0,18.999999999999986,30000,30.6,56.1,5.3,38.5,200.0,1.3,0.34
641,3.0,19.099999999999987,30000,30.6,56.1,5.3,38.5,200.0,1.3,0.34
642,3.0,19.199999999999985,30000,30.6,56.1,5.3,38.5,200.0,1.3,0.34
643,3.0,19.299999999999983,30000,30.6,56.1,5.3,38.5,200.0,1.3,0.34
644,3.0,19.399999999999984,30000,30.6,56.1,5.3,38.5,200.0,1.3,0.34
645,3.0,19.499999999999986,30000,30.6,56.1,5.3,38.5,200.0,1.3,0.34
646,3.0,19.599999999999984,30000,30.6,56.1,5.3,38.5,200.0,1.3,0.34
647,3.0,19.69999999999998,30000,30.6,56.1,5.3,38.5,200.0,1.3,0.34
648,3.0,19.799999999999983,30000,30.6,56.1,5.3,38.5,200.0,1.3,0.34
649,3.0,19.899999999999984,30000,30.6,56.1,5.3,38.5,200.0,1.3,0.34
650,3.0,19.999999999999982,30000,30.6,56.1,5.3,38.5,200.0,1.3,0.34
651,3.0,20.09999999999998,30000,30.6,56.1,5.3,38.5,200.0,1.3,0.34
652,3.0,20.19999999999998,30000,30.6,56.1,5.3,38.5,200.0,1.3,0.34
653,3.0,20.299999999999983,30000,30.6,56.1,5.3,38.5,200.0,1.3,0.34
654,3.0,20.39999999999998,30000,30.6,56.1,5.3,38.5,200.0,1.3,0.34
655,3.0,20.49999999999998,30000,30.6,56.1,5.3,38.5,200.0,1.3,0.34
656,3.0,20.59999999999998,30000,30.6,56.1,5.3,38.5,200.0,1.3,0.34
657,3.0,20.69999999999998,30000,30.6,56.1,5.3,38.5,200.0,1.3,0.34
658,3.0,20.79999999999998,30000,30.6,56.1,5.3,38.5,200.0,1.3,0.34
659,3.0,20.899999999999977,30000,30.6,56.1,5.3,38.5,200.0,1.3,0.34
660,3.0,20.99999999999998,30000,30.6,56.1,5.3,38.5,200.0,1.3,0.34
661,3.0,21.09999999999998,30000,30.6,56.1,5.3,38.5,200.0,1.3,0.34
662,3.0,21.199999999999978,30000,30.6,56.1,5.3,38.5,200.0,1.3,0.34
663,3.0,21.299999999999976,30000,30.6,56.1,5.3,38.5,200.0,1.3,0.34
664,3.0,21.399999999999977,30000,30.6,56.1,5.3,38.5,200.0,1.3,0.34
665,3.0,21.49999999999998,30000,30.6,56.1,5.3,38.5,200.0,1.3,0.34
666,3.0,21.599999999999977,30000,30.6,56.1,5.3,38.5,200.0,1.3,0.34
667,3.0,21.699999999999974,30000,30.6,56.1,5.3,38.5,200.0,1.3,0.34
668,3.0,21.799999999999976,30000,30.6,56.1,5.3,38.5,200.0,1.3,0.34
669,3.0,21.899999999999977,30000,30.6,56.1,5.3,38.5,200.0,1.3,0.34
670,3.0,21.999999999999975,30000,30.6,56.1,5.3,38.5,200.0,1.3,0.34
671,3.0,22.099999999999973,30000,30.6,56.1,5.3,38.5,200.0,1.3,0.34
672,3.0,22.199999999999974,30000,30.6,56.1,5.3,38.5,200.0,1.3,0.34
673,3.0,22.299999999999976,30000,30.6,56.1,5.3,38.5,200.0,1.3,0.34
674,3.0,22.399999999999974,30000,30.6,56.1,5.3,38.5,200.0,1.3,0.34
675,3.0,22.49999999999997,30000,30.6,56.1,5.3,38.5,200.0,1.3,0.34
676,3.0,22.599999999999973,30000,30.6,56.1,5.3,38.5,200.0,1.3,0.34
677,3.0,22.699999999999974,30000,30.6,56.1,5.3,38.5,200.0,1.3,0.34
678,3.0,22.799999999999972,30000,30.6,56.1,5.3,38.5,200.0,1.3,0.34
679,3.0,22.89999999999997,30000,30.6,56.1,5.3,38.5,200.0,1.3,0.34
680,3.0,22.99999999999997,30000,30.6,56.1,5.3,38.5,200.0,1.3,0.34
681,3.0,23.099999999999973,30000,30.6,56.1,5.3,38.5,200.0,1.3,0.34
682,3.0,23.19999999999997,30000,30.6,56.1,5.3,38.5,200.0,1.3,0.34
683,3.0,23.29999999999997,30000,30.6,56.1,5.3,38.5,200.0,1.3,0.34
684,3.0,23.39999999999997,30000,30.6,56.1,5.3,38.5,200.0,1.3,0.34
685,3.0,23.49999999999997,30000,30.6,56.1,5.3,38.5,200.0,1.3,0.34
686,3.0,23.59999999999997,30000,30.6,56.1,5.3,38.5,200.0,1.3,0.34
687,3.0,23.699999999999967,30000,30.6,56.1,5.3,38.5,200.0,1.3,0.34
688,3.0,23.79999999999997,30000,30.6,56.1,5.3,38.5,200.0,1.3,0.34
689,3.0,23.89999999999997,30000,30.6,56.1,5.3,38.5,200.0,1.3,0.34
690,3.0,23.999999999999968,30000,30.6,56.1,5.3,38.5,200.0,1.3,0.34
691,3.0,24.099999999999966,30000,30.6,56.1,5.3,38.5,200.0,1.3,0.34
692,3.0,24.199999999999967,30000,30.6,56.1,5.3,38.5,200.0,1.3,0.34
693,3.0,24.29999999999997,30000,30.6,56.1,5.3,38.5,200.0,1.3,0.34
694,3.0,24.399999999999967,30000,30.6,56.1,5.3,38.5,200.0,1.3,0.34
695,3.0,24.499999999999964,30000,30.6,56.1,5.3,38.5,200.0,1.3,0.34
696,3.0,24.599999999999966,30000,30.6,56.1,5.3,38.5,200.0,1.3,0.34
697,3.0,24.699999999999967,30000,30.6,56.1,5.3,38.5,200.0,1.3,0.34
698,3.0,24.799999999999965,30000,30.6,56.1,5.3,38.5,200.0,1.3,0.34
699,3.0,24.899999999999963,30000,30.6,56.1,5.3,38.5,200.0,1.3,0.34
700,3.5,15.0,30000,30.6,56.1,5.3,38.5,200.0,1.3,0.34
701,3.5,15.1,30000,30.6,56.1,5.3,38.5,200.0,1.3,0.34
702,3.5,15.2,30000,30.6,56.1,5.3,38.5,200.0,1.3,0.34
703,3.5,15.299999999999999,30000,30.6,56.1,5.3,38.5,200.0,1.3,0.34
704,3.5,15.399999999999999,30000,30.6,56.1,5.3,38.5,200.0,1.3,0.34
705,3.5,15.499999999999998,30000,30.6,56.1,5.3,38.5,200.0,1.3,0.34
706,3.5,15.599999999999998,30000,30.6,56.1,5.3,38.5,200.0,1.3,0.34
707,3.5,15.699999999999998,30000,30.6,56.1,5.3,38.5,200.0,1.3,0.34
708,3.5,15.799999999999997,30000,30.6,56.1,5.3,38.5,200.0,1.3,0.34
709,3.5,15.899999999999997,30000,30.6,56.1,5.3,38.5,200.0,1.3,0.34
710,3.5,15.999999999999996,30000,30.6,56.1,5.3,38.5,200.0,1.3,0.34
711,3.5,16.099999999999994,30000,30.6,56.1,5.3,38.5,200.0,1.3,0.34
712,3.5,16.199999999999996,30000,30.6,56.1,5.3,38.5,200.0,1.3,0.34
713,3.5,16.299999999999997,30000,30.6,56.1,5.3,38.5,200.0,1.3,0.34
714,3.5,16.399999999999995,30000,30.6,56.1,5.3,38.5,200.0,1.3,0.34
715,3.5,16.499999999999993,30000,30.6,56.1,5.3,38.5,200.0,1.3,0.34
716,3.5,16.599999999999994,30000,30.6,56.1,5.3,38.5,200.0,1.3,0.34
717,3.5,16.699999999999996,30000,30.6,56.1,5.3,38.5,200.0,1.3,0.34
718,3.5,16.799999999999994,30000,30.6,56.1,5.3,38.5,200.0,1.3,0.34
719,3.5,16.89999999999999,30000,30.6,56.1,5.3,38.5,200.0,1.3,0.34
720,3.5,16.999999999999993,30000,30.6,56.1,5.3,38.5,200.0,1.3,0.34
721,3.5,17.099999999999994,30000,30.6,56.1,5.3,38.5,200.0,1.3,0.34
722,3.5,17.199999999999992,30000,30.6,56.1,5.3,38.5,200.0,1.3,0.34
723,3.5,17.29999999999999,30000,30.6,56.1,5.3,38.5,200.0,1.3,0.34
724,3.5,17.39999999999999,30000,30.6,56.1,5.3,38.5,200.0,1.3,0.34
725,3.5,17.499999999999993,30000,30.6,56.1,5.3,38.5,200.0,1.3,0.34
726,3.5,17.59999999999999,30000,30.6,56.1,5.3,38.5,200.0,1.3,0.34
727,3.5,17.69999999999999,30000,30.6,56.1,5.3,38.5,200.0,1.3,0.34
728,3.5,17.79999999999999,30000,30.6,56.1,5.3,38.5,200.0,1.3,0.34
729,3.5,17.89999999999999,30000,30.6,56.1,5.3,38.5,200.0,1.3,0.34
730,3.5,17.99999999999999,30000,30.6,56.1,5.3,38.5,200.0,1.3,0.34
731,3.5,18.099999999999987,30000,30.6,56.1,5.3,38.5,200.0,1.3,0.34
732,3.5,18.19999999999999,30000,30.6,56.1,5.3,38.5,200.0,1.3,0.34
733,3.5,18.29999999999999,30000,30.6,56.1,5.3,38.5,200.0,1.3,0.34
734,3.5,18.399999999999988,30000,30.6,56.1,5.3,38.5,200.0,1.3,0.34
735,3.5,18.499999999999986,30000,30.6,56.1,5.3,38.5,200.0,1.3,0.34
736,3.5,18.599999999999987,30000,30.6,56.1,5.3,38.5,200.0,1.3,0.34
737,3.5,18.69999999999999,30000,30.6,56.1,5.3,38.5,200.0,1.3,0.34
738,3.5,18.799999999999986,30000,30.6,56.1,5.3,38.5,200.0,1.3,0.34
739,3.5,18.899999999999984,30000,30.6,56.1,5.3,38.5,200.0,1.3,0.34
740,3.5,18.999999999999986,30000,30.6,56.1,5.3,38.5,200.0,1.3,0.34
741,3.5,19.099999999999987,30000,30.6,56.1,5.3,38.5,200.0,1.3,0.34
742,3.5,19.199999999999985,30000,30.6,56.1,5.3,38.5,200.0,1.3,0.34
743,3.5,19.299999999999983,30000,30.6,56.1,5.3,38.5,200.0,1.3,0.34
744,3.5,19.399999999999984,30000,30.6,56.1,5.3,38.5,200.0,1.3,0.34
745,3.5,19.499999999999986,30000,30.6,56.1,5.3,38.5,200.0,1.3,0.34
746,3.5,19.599999999999984,30000,30.6,56.1,5.3,38.5,200.0,1.3,0.34
747,3.5,19.69999999999998,30000,30.6,56.1,5.3,38.5,200.0,1.3,0.34
748,3.5,19.799999999999983,30000,30.6,56.1,5.3,38.5,200.0,1.3,0.34
749,3.5,19.899999999999984,30000,30.6,56.1,5.3,38.5,200.0,1.3,0.34
750,3.5,19.999999999999982,30000,30.6,56.1,5.3,38.5,200.0,1.3,0.34
751,3.5,20.09999999999998,30000,30.6,56.1,5.3,38.5,200.0,1.3,0.34
752,3.5,20.19999999999998,30000,30.6,56.1,5.3,38.5,200.0,1.3,0.34
753,3.5,20.299999999999983,30000,30.6,56.1,5.3,38.5,200.0,1.3,0.34
754,3.5,20.39999999999998,30000,30.6,56.1,5.3,38.5,200.0,1.3,0.34
755,3.5,20.49999999999998,30000,30.6,56.1,5.3,38.5,200.0,1.3,0.34
756,3.5,20.59999999999998,30000,30.6,56.1,5.3,38.5,200.0,1.3,0.34
757,3.5,20.69999999999998,30000,30.6,56.1,5.3,38.5,200.0,1.3,0.34
758,3.5,20.79999999999998,30000,30.6,56.1,5.3,38.5,200.0,1.3,0.34
759,3.5,20.899999999999977,30000,30.6,56.1,5.3,38.5,200.0,1.3,0.34
760,3.5,20.99999999999998,30000,30.6,56.1,5.3,38.5,200.0,1.3,0.34
761,3.5,21.09999999999998,30000,30.6,56.1,5.3,38.5,200.0,1.3,0.34
762,3.5,21.199999999999978,30000,30.6,56.1,5.3,38.5,200.0,1.3,0.34
763,3.5,21.299999999999976,30000,30.6,56.1,5.3,38.5,200.0,1.3,0.34
764,3.5,21.399999999999977,30000,30.6,56.1,5.3,38.5,200.0,1.3,0.34
765,3.5,21.49999999999998,30000,30.6,56.1,5.3,38.5,200.0,1.3,0.34
766,3.5,21.599999999999977,30000,30.6,56.1,5.3,38.5,200.0,1.3,0.34
767,3.5,21.699999999999974,30000,30.6,56.1,5.3,38.5,200.0,1.3,0.34
768,3.5,21.799999999999976,30000,30.6,56.1,5.3,38.5,200.0,1.3,0.34
769,3.5,21.899999999999977,30000,30.6,56.1,5.3,38.5,200.0,1.3,0.34
770,3.5,21.999999999999975,30000,30.6,56.1,5.3,38.5,200.0,1.3,0.34
771,3.5,22.099999999999973,30000,30.6,56.1,5.3,38.5,200.0,1.3,0.34
772,3.5,22.199999999999974,30000,30.6,56.1,5.3,38.5,200.0,1.3,0.34
773,3.5,22.299999999999976,30000,30.6,56.1,5.3,38.5,200.0,1.3,0.34
774,3.5,22.399999999999974,30000,30.6,56.1,5.3,38.5,200.0,1.3,0.34
775,3.5,22.49999999999997,30000,30.6,56.1,5.3,38.5,200.0,1.3,0.34
776,3.5,22.599999999999973,30000,30.6,56.1,5.3,38.5,200.0,1.3,0.34
777,3.5,22.699999999999974,30000,30.6,56.1,5.3,38.5,200.0,1.3,0.34
778,3.5,22.799999999999972,30000,30.6,56.1,5.3,38.5,200.0,1.3,0.34
779,3.5,22.89999999999997,30000,30.6,56.1,5.3,38.5,200.0,1.3,0.34
780,3.5,22.99999999999997,30000,30.6,56.1,5.3,38.5,200.0,1.3,0.34
781,3.5,23.099999999999973,30000,30.6,56.1,5.3,38.5,200.0,1.3,0.34
782,3.5,23.19999999999997,30000,30.6,56.1,5.3,38.5,200.0,1.3,0.34
783,3.5,23.29999999999997,30000,30.6,56.1,5.3,38.5,200.0,1.3,0.34
784,3.5,23.39999999999997,30000,30.6,56.1,5.3,38.5,200.0,1.3,0.34
785,3.5,23.49999999999997,30000,30.6,56.1,5.3,38.5,200.0,1.3,0.34
786,3.5,23.59999999999997,30000,30.6,56.1,5.3,38.5,200.0,1.3,0.34
787,3.5,23.699999999999967,30000,30.6,56.1,5.3,38.5,200.0,1.3,0.34
788,3.5,23.79999999999997,30000,30.6,56.1,5.3,38.5,200.0,1.3,0.34
789,3.5,23.89999999999997,30000,30.6,56.1,5.3,38.5,200.0,1.3,0.34
790,3.5,23.999999999999968,30000,30.6,56.1,5.3,38.5,200.0,1.3,0.34
791,3.5,24.099999999999966,30000,30.6,56.1,5.3,38.5,200.0,1.3,0.34
792,3.5,24.199999999999967,30000,30.6,56.1,5.3,38.5,200.0,1.3,0.34
793,3.5,24.29999999999997,30000,30.6,56.1,5.3,38.5,200.0,1.3,0.34
794,3.5,24.399999999999967,30000,30.6,56.1,5.3,38.5,200.0,1.3,0.34
795,3.5,24.499999999999964,30000,30.6,56.1,5.3,38.5,200.0,1.3,0.34
796,3.5,24.599999999999966,30000,30.6,56.1,5.3,38.5,200.0,1.3,0.34
797,3.5,24.699999999999967,30000,30.6,56.1,5.3,38.5,200.0,1.3,0.34
798,3.5,24.799999999999965,30000,30.6,56.1,5.3,38.5,200.0,1.3,0.34
799,3.5,24.899999999999963,30000,30.6,56.1,5.3,38.5,200.0,1.3,0.34
